{
    "name": "root",
    "gauges": {
        "Cat.Policy.Entropy.mean": {
            "value": 0.8438019156455994,
            "min": 0.8438019156455994,
            "max": 1.2553355693817139,
            "count": 161
        },
        "Cat.Policy.Entropy.sum": {
            "value": 10004.958984375,
            "min": 7768.9296875,
            "max": 15659.662109375,
            "count": 161
        },
        "Cat.Environment.EpisodeLength.mean": {
            "value": 157.09333333333333,
            "min": 108.58035714285714,
            "max": 289.2926829268293,
            "count": 161
        },
        "Cat.Environment.EpisodeLength.sum": {
            "value": 11782.0,
            "min": 6175.0,
            "max": 14271.0,
            "count": 161
        },
        "Cat.Step.mean": {
            "value": 2555887.0,
            "min": 635995.0,
            "max": 2555887.0,
            "count": 161
        },
        "Cat.Step.sum": {
            "value": 2555887.0,
            "min": 635995.0,
            "max": 2555887.0,
            "count": 161
        },
        "Cat.Policy.ExtrinsicValueEstimate.mean": {
            "value": 20.6705379486084,
            "min": 17.887012481689453,
            "max": 24.648761749267578,
            "count": 161
        },
        "Cat.Policy.ExtrinsicValueEstimate.sum": {
            "value": 1570.9609375,
            "min": 606.84033203125,
            "max": 2520.7373046875,
            "count": 161
        },
        "Cat.Environment.CumulativeReward.mean": {
            "value": 49.984158762892086,
            "min": 47.53170959033617,
            "max": 49.98935355458941,
            "count": 161
        },
        "Cat.Environment.CumulativeReward.sum": {
            "value": 3748.8119072169065,
            "min": 1599.3871002197266,
            "max": 5598.807598114014,
            "count": 161
        },
        "Cat.Policy.ExtrinsicReward.mean": {
            "value": 49.984158762892086,
            "min": 47.53170959033617,
            "max": 49.98935355458941,
            "count": 161
        },
        "Cat.Policy.ExtrinsicReward.sum": {
            "value": 3748.8119072169065,
            "min": 1599.3871002197266,
            "max": 5598.807598114014,
            "count": 161
        },
        "Cat.IsTraining.mean": {
            "value": 1.0,
            "min": 1.0,
            "max": 1.0,
            "count": 161
        },
        "Cat.IsTraining.sum": {
            "value": 1.0,
            "min": 1.0,
            "max": 1.0,
            "count": 161
        },
        "Cat.Losses.PolicyLoss.mean": {
            "value": 0.09812519107728115,
            "min": 0.09259750481984025,
            "max": 0.10728022479991729,
            "count": 158
        },
        "Cat.Losses.PolicyLoss.sum": {
            "value": 0.09812519107728115,
            "min": 0.09259750481984025,
            "max": 0.10728022479991729,
            "count": 158
        },
        "Cat.Losses.ValueLoss.mean": {
            "value": 120.9071188417741,
            "min": 78.30296035523111,
            "max": 140.81058778039574,
            "count": 158
        },
        "Cat.Losses.ValueLoss.sum": {
            "value": 120.9071188417741,
            "min": 78.30296035523111,
            "max": 140.81058778039574,
            "count": 158
        },
        "Cat.Policy.LearningRate.mean": {
            "value": 0.00014664683111774,
            "min": 0.00014664683111774,
            "max": 0.0002614866128378,
            "count": 158
        },
        "Cat.Policy.LearningRate.sum": {
            "value": 0.00014664683111774,
            "min": 0.00014664683111774,
            "max": 0.0002614866128378,
            "count": 158
        },
        "Cat.Policy.Epsilon.mean": {
            "value": 0.14888226000000002,
            "min": 0.14888226000000002,
            "max": 0.18716219999999995,
            "count": 158
        },
        "Cat.Policy.Epsilon.sum": {
            "value": 0.14888226000000002,
            "min": 0.14888226000000002,
            "max": 0.18716219999999995,
            "count": 158
        },
        "Cat.Policy.Beta.mean": {
            "value": 0.0004939343739999999,
            "min": 0.0004939343739999999,
            "max": 0.0008729057799999999,
            "count": 158
        },
        "Cat.Policy.Beta.sum": {
            "value": 0.0004939343739999999,
            "min": 0.0004939343739999999,
            "max": 0.0008729057799999999,
            "count": 158
        }
    },
    "metadata": {
        "timer_format_version": "0.1.0",
        "start_time_seconds": "1733189157",
        "python_version": "3.10.12 | packaged by Anaconda, Inc. | (main, Jul  5 2023, 19:01:18) [MSC v.1916 64 bit (AMD64)]",
        "command_line_arguments": "C:\\Users\\Cassidy Bates\\.conda\\envs\\mlagents\\Scripts\\mlagents-learn cat.yaml --run-id cat03 --time-scale=1 --resume",
        "mlagents_version": "1.1.0.dev0",
        "mlagents_envs_version": "1.1.0.dev0",
        "communication_protocol_version": "1.5.0",
        "pytorch_version": "2.4.1+cpu",
        "numpy_version": "1.23.5",
        "end_time_seconds": "1733205314"
    },
    "total": 16157.223218900035,
    "count": 1,
    "self": 0.006869300035759807,
    "children": {
        "run_training.setup": {
            "total": 0.11052949994336814,
            "count": 1,
            "self": 0.11052949994336814
        },
        "TrainerController.start_learning": {
            "total": 16157.105820100056,
            "count": 1,
            "self": 21.89155666809529,
            "children": {
                "TrainerController._reset_env": {
                    "total": 6.614593100035563,
                    "count": 1,
                    "self": 6.614593100035563
                },
                "TrainerController.advance": {
                    "total": 16128.555000731954,
                    "count": 1943627,
                    "self": 22.126156721264124,
                    "children": {
                        "env_step": {
                            "total": 15561.668619443546,
                            "count": 1943627,
                            "self": 14684.355687351432,
                            "children": {
                                "SubprocessEnvManager._take_step": {
                                    "total": 862.4214186385507,
                                    "count": 1943627,
                                    "self": 61.29215446440503,
                                    "children": {
                                        "TorchPolicy.evaluate": {
                                            "total": 801.1292641741456,
                                            "count": 1933685,
                                            "self": 801.1292641741456
                                        }
                                    }
                                },
                                "workers": {
                                    "total": 14.891513453563675,
                                    "count": 1943626,
                                    "self": 0.0,
                                    "children": {
                                        "worker_root": {
                                            "total": 16119.736783585045,
                                            "count": 1943626,
                                            "is_parallel": true,
                                            "self": 2464.0954952415777,
                                            "children": {
                                                "steps_from_proto": {
                                                    "total": 0.0002861000830307603,
                                                    "count": 1,
                                                    "is_parallel": true,
                                                    "self": 9.23000043258071e-05,